{
    "metrics": {
        "metrics_collected": {
            "LogicalDisk": {
                "measurement": [
                    "% Free Space"
                ],
                "metrics_collection_interval": 60,
                "resources": [
                    "*"
                ]
            },
            "Memory": {
                "measurement": [
                    "% Committed Bytes In Use"
                ],
                "metrics_collection_interval": 60
            },
            "Paging File": {
                "measurement": [
                    "% Usage"
                ],
                "metrics_collection_interval": 60,
                "resources": [
                    "*"
                ]
            },
            "statsd": {
                "metrics_aggregation_interval": 60,
                "metrics_collection_interval": 60,
                "service_address": ":8125"
            }
        }
    },
    "logs": {
        "logs_collected": {
            "files": {
                "collect_list": [
                    {
                        "file_path": "C:\\Application\\logs\\data.log",
                        "log_group_name": "MY-LOGS",
                        "log_stream_name": "TEST1234"
                    }
                ]
            }
        }
    }
}